"","tiss","model_type","parameter","mean","SE","CI.high","CI.low"
"8","leaf","asymp","Asym",1225.12411809849,1.55534848498547,1228.17260112906,1222.07563506792
"24","seed","asymp","Asym",1266.64201081557,2.7004663523374,1271.93492486616,1261.34909676499
"40","unripe","asymp","Asym",1308.83778903849,1.98220680633363,1312.72291437891,1304.95266369808
"56","ripe","asymp","Asym",1309.52436539766,2.08981208075505,1313.62039707594,1305.42833371938
