"","tiss","model_type","parameter","mean","SE","CI.high","CI.low"
"8","leaf","asymp","Asym",1225.12985390079,0.475223498707364,1226.06129195826,1224.19841584332
"24","seed","asymp","Asym",1272.02278525122,0.947231779152858,1273.87935953836,1270.16621096408
"40","unripe","asymp","Asym",1313.74555665711,0.658379988877487,1315.03598143531,1312.45513187891
"56","ripe","asymp","Asym",1308.59975238824,0.721243749244739,1310.01339013676,1307.18611463972
